Date,Code,Name,Close,PctChg,AI_Score,Market,Threshold,Signal,Desc
20260123,515070.SH,人工智能ETF,2.121,-0.38%,0.674,Bull,0.45,BUY,Buy ✅
20260123,515030.SH,新能源车ETF,1.969,2.45%,0.664,Bull,0.45,BUY,Buy ✅
20260123,588000.SH,科创50ETF,1.635,0.80%,0.637,Bull,0.45,BUY,Buy ✅
20260123,159326.SZ,电网设备ETF,1.772,0.85%,0.628,Bull,0.45,BUY,Buy ✅
20260123,512660.SH,军工ETF,1.574,3.15%,0.624,Bull,0.45,BUY,Buy ✅
20260123,512690.SH,酒ETF,0.527,-0.38%,0.585,Bull,0.45,BUY,Weak Buy ⚠️
20260123,159939.SZ,信息技术ETF,0.994,0.20%,0.584,Bull,0.45,BUY,Weak Buy ⚠️
20260123,512480.SH,半导体ETF,1.738,0.17%,0.563,Bull,0.45,BUY,Weak Buy ⚠️
20260123,512400.SH,有色金属ETF,2.293,2.55%,0.544,Bull,0.45,BUY,Weak Buy ⚠️
20260123,159206.SZ,卫星ETF,2.131,10.02%,0.506,Bull,0.45,BUY,Weak Buy ⚠️
20260123,510500.SH,中证500ETF,8.719,2.95%,0.496,Bull,0.45,BUY,Weak Buy ⚠️
20260123,159915.SZ,创业板ETF,3.337,0.66%,0.473,Bull,0.45,BUY,Weak Buy ⚠️
20260123,510050.SH,上证50ETF,3.106,-0.80%,0.466,Bull,0.45,BUY,Weak Buy ⚠️
20260123,510300.SH,沪深300ETF,4.704,-0.49%,0.436,Bull,0.45,WAIT,Low Score ⚪
20260123,513500.SH,标普500ETF,2.434,-1.02%,0.415,Bull,0.45,WAIT,Low Score ⚪
20260123,518880.SH,黄金ETF,10.617,2.67%,0.364,Bull,0.45,WAIT,Low Score ⚪
20260122,515070.SH,人工智能ETF,2.129,1.62%,0.665,Bull,0.45,BUY,Buy ✅
20260122,515030.SH,新能源车ETF,1.922,-0.98%,0.655,Bull,0.45,BUY,Buy ✅
20260122,588000.SH,科创50ETF,1.622,0.37%,0.632,Bull,0.45,BUY,Buy ✅
20260122,159326.SZ,电网设备ETF,1.757,-1.24%,0.628,Bull,0.45,BUY,Buy ✅
20260122,512660.SH,军工ETF,1.526,3.18%,0.619,Bull,0.45,BUY,Buy ✅
20260122,512690.SH,酒ETF,0.529,-0.38%,0.585,Bull,0.45,BUY,Weak Buy ⚠️
20260122,159939.SZ,信息技术ETF,0.992,0.20%,0.584,Bull,0.45,BUY,Weak Buy ⚠️
20260122,159206.SZ,卫星ETF,1.937,3.42%,0.571,Bull,0.45,BUY,Weak Buy ⚠️
20260122,512480.SH,半导体ETF,1.735,-0.63%,0.563,Bull,0.45,BUY,Weak Buy ⚠️
20260122,512400.SH,有色金属ETF,2.236,-0.75%,0.544,Bull,0.45,BUY,Weak Buy ⚠️
20260122,159915.SZ,创业板ETF,3.315,1.04%,0.536,Bull,0.45,BUY,Weak Buy ⚠️
20260122,510500.SH,中证500ETF,8.469,0.44%,0.514,Bull,0.45,BUY,Weak Buy ⚠️
20260122,510300.SH,沪深300ETF,4.727,-0.06%,0.465,Bull,0.45,BUY,Weak Buy ⚠️
20260122,510050.SH,上证50ETF,3.131,-0.45%,0.426,Bull,0.45,WAIT,Low Score ⚪
20260122,518880.SH,黄金ETF,10.341,-0.35%,0.385,Bull,0.45,WAIT,Low Score ⚪
20260122,513500.SH,标普500ETF,2.459,1.32%,0.344,Bull,0.45,WAIT,Low Score ⚪
20260121,515070.SH,人工智能ETF,2.095,2.00%,0.674,Bull,0.45,BUY,Buy ✅
20260121,515030.SH,新能源车ETF,1.941,1.52%,0.664,Bull,0.45,BUY,Buy ✅
20260121,159326.SZ,电网设备ETF,1.779,-1.17%,0.649,Bull,0.45,BUY,Buy ✅
20260121,588000.SH,科创50ETF,1.616,3.59%,0.632,Bull,0.45,BUY,Buy ✅
20260121,159206.SZ,卫星ETF,1.873,-1.16%,0.619,Bull,0.45,BUY,Buy ✅
20260121,512660.SH,军工ETF,1.479,0.14%,0.619,Bull,0.45,BUY,Buy ✅
20260121,159939.SZ,信息技术ETF,0.99,2.59%,0.584,Bull,0.45,BUY,Weak Buy ⚠️
20260121,512480.SH,半导体ETF,1.746,3.81%,0.576,Bull,0.45,BUY,Weak Buy ⚠️
20260121,512690.SH,酒ETF,0.531,-1.67%,0.569,Bull,0.45,BUY,Weak Buy ⚠️
20260121,512400.SH,有色金属ETF,2.253,3.16%,0.544,Bull,0.45,BUY,Weak Buy ⚠️
20260121,159915.SZ,创业板ETF,3.281,0.55%,0.536,Bull,0.45,BUY,Weak Buy ⚠️
20260121,510500.SH,中证500ETF,8.432,1.30%,0.518,Bull,0.45,BUY,Weak Buy ⚠️
20260121,510300.SH,沪深300ETF,4.73,0.13%,0.456,Bull,0.45,BUY,Weak Buy ⚠️
20260121,510050.SH,上证50ETF,3.145,-0.16%,0.426,Bull,0.45,WAIT,Low Score ⚪
20260121,513500.SH,标普500ETF,2.427,-0.21%,0.425,Bull,0.45,WAIT,Low Score ⚪
20260121,518880.SH,黄金ETF,10.377,2.93%,0.385,Bull,0.45,WAIT,Low Score ⚪
20260120,515070.SH,人工智能ETF,2.054,-2.19%,0.691,Bull,0.45,BUY,Buy ✅
20260120,515030.SH,新能源车ETF,1.912,-1.39%,0.664,Bull,0.45,BUY,Buy ✅
20260120,159326.SZ,电网设备ETF,1.8,-1.10%,0.648,Bull,0.45,BUY,Buy ✅
20260120,588000.SH,科创50ETF,1.56,-1.64%,0.641,Bull,0.45,BUY,Buy ✅
20260120,512480.SH,半导体ETF,1.682,-0.71%,0.637,Bull,0.45,BUY,Buy ✅
20260120,159939.SZ,信息技术ETF,0.965,-1.53%,0.594,Bull,0.45,BUY,Weak Buy ⚠️
20260120,512660.SH,军工ETF,1.477,-3.21%,0.592,Bull,0.45,BUY,Weak Buy ⚠️
20260120,512690.SH,酒ETF,0.54,0.93%,0.578,Bull,0.45,BUY,Weak Buy ⚠️
20260120,510500.SH,中证500ETF,8.324,-0.29%,0.568,Bull,0.45,BUY,Weak Buy ⚠️
20260120,512400.SH,有色金属ETF,2.184,0.32%,0.544,Bull,0.45,BUY,Weak Buy ⚠️
20260120,159206.SZ,卫星ETF,1.895,-4.05%,0.527,Bull,0.45,BUY,Weak Buy ⚠️
20260120,159915.SZ,创业板ETF,3.263,-1.66%,0.493,Bull,0.45,BUY,Weak Buy ⚠️
20260120,510300.SH,沪深300ETF,4.724,-0.30%,0.447,Bull,0.45,WAIT,Low Score ⚪
20260120,510050.SH,上证50ETF,3.15,-0.10%,0.426,Bull,0.45,WAIT,Low Score ⚪
20260120,518880.SH,黄金ETF,10.082,0.76%,0.375,Bull,0.45,WAIT,Low Score ⚪
20260120,513500.SH,标普500ETF,2.432,-0.37%,0.344,Bull,0.45,WAIT,Low Score ⚪
20260119,515070.SH,人工智能ETF,2.1,-1.41%,0.678,Bull,0.45,BUY,Buy ✅
20260119,515030.SH,新能源车ETF,1.939,-0.41%,0.664,Bull,0.45,BUY,Buy ✅
20260119,159326.SZ,电网设备ETF,1.82,7.76%,0.664,Bull,0.45,BUY,Buy ✅
20260119,588000.SH,科创50ETF,1.586,-0.44%,0.641,Bull,0.45,BUY,Buy ✅
20260119,512480.SH,半导体ETF,1.694,-0.47%,0.637,Bull,0.45,BUY,Buy ✅
20260119,159939.SZ,信息技术ETF,0.98,-1.01%,0.584,Bull,0.45,BUY,Weak Buy ⚠️
20260119,512660.SH,军工ETF,1.526,2.07%,0.582,Bull,0.45,BUY,Weak Buy ⚠️
20260119,512690.SH,酒ETF,0.535,-0.37%,0.569,Bull,0.45,BUY,Weak Buy ⚠️
20260119,512400.SH,有色金属ETF,2.177,0.09%,0.544,Bull,0.45,BUY,Weak Buy ⚠️
20260119,159206.SZ,卫星ETF,1.975,0.05%,0.510,Bull,0.45,BUY,Weak Buy ⚠️
20260119,510500.SH,中证500ETF,8.348,0.64%,0.495,Bull,0.45,BUY,Weak Buy ⚠️
20260119,159915.SZ,创业板ETF,3.318,-0.84%,0.484,Bull,0.45,BUY,Weak Buy ⚠️
20260119,510300.SH,沪深300ETF,4.738,0.04%,0.441,Bull,0.45,WAIT,Low Score ⚪
20260119,510050.SH,上证50ETF,3.153,-0.22%,0.439,Bull,0.45,WAIT,Low Score ⚪
20260119,518880.SH,黄金ETF,10.006,1.51%,0.395,Bull,0.45,WAIT,Low Score ⚪
20260119,513500.SH,标普500ETF,2.441,-0.57%,0.344,Bull,0.45,WAIT,Low Score ⚪
20260116,515070.SH,人工智能ETF,2.13,-0.28%,0.670,Bull,0.45,BUY,Buy ✅
20260116,515030.SH,新能源车ETF,1.947,0.26%,0.655,Bull,0.45,BUY,Buy ✅
20260116,588000.SH,科创50ETF,1.593,1.27%,0.637,Bull,0.45,BUY,Buy ✅
20260116,512480.SH,半导体ETF,1.702,3.21%,0.637,Bull,0.45,BUY,Buy ✅
20260116,159326.SZ,电网设备ETF,1.689,2.05%,0.635,Bull,0.45,BUY,Buy ✅
20260116,512660.SH,军工ETF,1.495,-0.53%,0.591,Bull,0.45,BUY,Weak Buy ⚠️
20260116,159939.SZ,信息技术ETF,0.99,1.85%,0.584,Bull,0.45,BUY,Weak Buy ⚠️
20260116,512690.SH,酒ETF,0.537,-0.56%,0.566,Bull,0.45,BUY,Weak Buy ⚠️
20260116,512400.SH,有色金属ETF,2.175,-1.41%,0.544,Bull,0.45,BUY,Weak Buy ⚠️
20260116,510500.SH,中证500ETF,8.295,0.22%,0.494,Bull,0.45,BUY,Weak Buy ⚠️
20260116,159206.SZ,卫星ETF,1.974,0.30%,0.480,Bull,0.45,BUY,Weak Buy ⚠️
20260116,159915.SZ,创业板ETF,3.346,-0.18%,0.465,Bull,0.45,BUY,Weak Buy ⚠️
20260116,510050.SH,上证50ETF,3.16,-0.63%,0.446,Bull,0.45,WAIT,Low Score ⚪
20260116,510300.SH,沪深300ETF,4.859,-0.33%,0.437,Bull,0.45,WAIT,Low Score ⚪
20260116,518880.SH,黄金ETF,9.857,-0.10%,0.395,Bull,0.45,WAIT,Low Score ⚪
20260116,513500.SH,标普500ETF,2.455,0.41%,0.344,Bull,0.45,WAIT,Low Score ⚪
20260115,515070.SH,人工智能ETF,2.136,-0.14%,0.683,Bull,0.45,BUY,Buy ✅
20260115,515030.SH,新能源车ETF,1.942,1.84%,0.664,Bull,0.45,BUY,Buy ✅
20260115,512480.SH,半导体ETF,1.649,1.98%,0.637,Bull,0.45,BUY,Buy ✅
20260115,588000.SH,科创50ETF,1.573,-0.38%,0.623,Bull,0.45,BUY,Buy ✅
20260115,159326.SZ,电网设备ETF,1.655,2.10%,0.613,Bull,0.45,BUY,Buy ✅
20260115,512660.SH,军工ETF,1.503,-3.84%,0.595,Bull,0.45,BUY,Weak Buy ⚠️
20260115,159939.SZ,信息技术ETF,0.972,1.25%,0.584,Bull,0.45,BUY,Weak Buy ⚠️
20260115,512690.SH,酒ETF,0.54,-0.92%,0.566,Bull,0.45,BUY,Weak Buy ⚠️
20260115,159206.SZ,卫星ETF,1.968,-7.56%,0.550,Bull,0.45,BUY,Weak Buy ⚠️
20260115,512400.SH,有色金属ETF,2.206,2.70%,0.544,Bull,0.45,BUY,Weak Buy ⚠️
20260115,510500.SH,中证500ETF,8.339,-0.31%,0.501,Bull,0.45,BUY,Weak Buy ⚠️
20260115,159915.SZ,创业板ETF,3.352,0.60%,0.465,Bull,0.45,BUY,Weak Buy ⚠️
20260115,510300.SH,沪深300ETF,4.875,0.18%,0.437,Bull,0.45,WAIT,Low Score ⚪
20260115,518880.SH,黄金ETF,9.867,-0.55%,0.395,Bull,0.45,WAIT,Low Score ⚪
20260115,510050.SH,上证50ETF,3.18,-0.22%,0.391,Bull,0.45,WAIT,Low Score ⚪
20260115,513500.SH,标普500ETF,2.445,-0.29%,0.350,Bull,0.45,WAIT,Low Score ⚪
20260114,515070.SH,人工智能ETF,2.139,2.05%,0.683,Bull,0.45,BUY,Buy ✅
20260114,515030.SH,新能源车ETF,1.907,-1.19%,0.672,Bull,0.45,BUY,Buy ✅
20260114,512480.SH,半导体ETF,1.617,1.51%,0.641,Bull,0.45,BUY,Buy ✅
20260114,512400.SH,有色金属ETF,2.148,0.33%,0.607,Bull,0.45,BUY,Buy ✅
20260114,159326.SZ,电网设备ETF,1.621,-0.92%,0.602,Bull,0.45,BUY,Buy ✅
20260114,512660.SH,军工ETF,1.563,0.71%,0.595,Bull,0.45,BUY,Weak Buy ⚠️
20260114,159939.SZ,信息技术ETF,0.96,1.69%,0.584,Bull,0.45,BUY,Weak Buy ⚠️
20260114,512690.SH,酒ETF,0.545,-0.55%,0.556,Bull,0.45,BUY,Weak Buy ⚠️
20260114,588000.SH,科创50ETF,1.579,1.94%,0.538,Bull,0.45,BUY,Weak Buy ⚠️
20260114,510500.SH,中证500ETF,8.365,0.71%,0.501,Bull,0.45,BUY,Weak Buy ⚠️
20260114,159915.SZ,创业板ETF,3.332,0.79%,0.465,Bull,0.45,BUY,Weak Buy ⚠️
20260114,510300.SH,沪深300ETF,4.866,-0.61%,0.437,Bull,0.45,WAIT,Low Score ⚪
20260114,513500.SH,标普500ETF,2.452,-0.33%,0.424,Bull,0.45,WAIT,Low Score ⚪
20260114,159206.SZ,卫星ETF,2.129,1.28%,0.422,Bull,0.45,WAIT,Low Score ⚪
20260114,518880.SH,黄金ETF,9.922,1.32%,0.395,Bull,0.45,WAIT,Low Score ⚪
20260114,510050.SH,上证50ETF,3.187,-0.84%,0.371,Bull,0.45,WAIT,Low Score ⚪
20260113,515070.SH,人工智能ETF,2.096,-2.92%,0.670,Bull,0.45,BUY,Buy ✅
20260113,512480.SH,半导体ETF,1.593,-3.22%,0.641,Bull,0.45,BUY,Buy ✅
20260113,515030.SH,新能源车ETF,1.93,-0.26%,0.641,Bull,0.45,BUY,Buy ✅
20260113,512400.SH,有色金属ETF,2.141,1.09%,0.607,Bull,0.45,BUY,Buy ✅
20260113,512660.SH,军工ETF,1.552,-7.73%,0.595,Bull,0.45,BUY,Weak Buy ⚠️
20260113,159939.SZ,信息技术ETF,0.944,-3.38%,0.559,Bull,0.45,BUY,Weak Buy ⚠️
20260113,512690.SH,酒ETF,0.548,-0.90%,0.556,Bull,0.45,BUY,Weak Buy ⚠️
20260113,588000.SH,科创50ETF,1.549,-2.82%,0.538,Bull,0.45,BUY,Weak Buy ⚠️
20260113,159326.SZ,电网设备ETF,1.636,2.83%,0.528,Bull,0.45,BUY,Weak Buy ⚠️
20260113,510500.SH,中证500ETF,8.306,-1.31%,0.501,Bull,0.45,BUY,Weak Buy ⚠️
20260113,159206.SZ,卫星ETF,2.102,-4.50%,0.478,Bull,0.45,BUY,Weak Buy ⚠️
20260113,510300.SH,沪深300ETF,4.896,-0.35%,0.476,Bull,0.45,BUY,Weak Buy ⚠️
20260113,159915.SZ,创业板ETF,3.306,-1.93%,0.466,Bull,0.45,BUY,Weak Buy ⚠️
20260113,510050.SH,上证50ETF,3.214,-0.12%,0.427,Bull,0.45,WAIT,Low Score ⚪
20260113,513500.SH,标普500ETF,2.46,0.08%,0.415,Bull,0.45,WAIT,Low Score ⚪
20260113,518880.SH,黄金ETF,9.793,0.16%,0.395,Bull,0.45,WAIT,Low Score ⚪
20260112,515070.SH,人工智能ETF,2.159,4.81%,0.685,Bull,0.45,BUY,Buy ✅
20260112,515030.SH,新能源车ETF,1.935,0.26%,0.632,Bull,0.45,BUY,Buy ✅
20260112,512480.SH,半导体ETF,1.646,1.73%,0.630,Bull,0.45,BUY,Buy ✅
20260112,512400.SH,有色金属ETF,2.118,1.15%,0.607,Bull,0.45,BUY,Buy ✅
20260112,512660.SH,军工ETF,1.682,7.34%,0.587,Bull,0.45,BUY,Weak Buy ⚠️
20260112,512690.SH,酒ETF,0.553,1.10%,0.566,Bull,0.45,BUY,Weak Buy ⚠️
20260112,159939.SZ,信息技术ETF,0.977,2.84%,0.562,Bull,0.45,BUY,Weak Buy ⚠️
20260112,588000.SH,科创50ETF,1.594,2.57%,0.538,Bull,0.45,BUY,Weak Buy ⚠️
20260112,159326.SZ,电网设备ETF,1.591,0.63%,0.523,Bull,0.45,BUY,Weak Buy ⚠️
20260112,159915.SZ,创业板ETF,3.371,1.72%,0.504,Bull,0.45,BUY,Weak Buy ⚠️
20260112,510300.SH,沪深300ETF,4.913,0.57%,0.480,Bull,0.45,BUY,Weak Buy ⚠️
20260112,510500.SH,中证500ETF,8.416,2.43%,0.455,Bull,0.45,BUY,Weak Buy ⚠️
20260112,513500.SH,标普500ETF,2.458,-0.08%,0.440,Bull,0.45,WAIT,Low Score ⚪
20260112,510050.SH,上证50ETF,3.218,0.28%,0.422,Bull,0.45,WAIT,Low Score ⚪
20260112,518880.SH,黄金ETF,9.777,1.93%,0.398,Bull,0.45,WAIT,Low Score ⚪
20260112,159206.SZ,卫星ETF,2.201,9.99%,0.395,Bull,0.45,WAIT,Low Score ⚪
20260109,515070.SH,人工智能ETF,2.06,1.63%,0.675,Bull,0.45,BUY,Buy ✅
20260109,515030.SH,新能源车ETF,1.93,0.78%,0.641,Bull,0.45,BUY,Buy ✅
20260109,512400.SH,有色金属ETF,2.094,3.05%,0.607,Bull,0.45,BUY,Buy ✅
20260109,512660.SH,军工ETF,1.567,4.12%,0.592,Bull,0.45,BUY,Weak Buy ⚠️
20260109,512690.SH,酒ETF,0.547,0.18%,0.567,Bull,0.45,BUY,Weak Buy ⚠️
20260109,512480.SH,半导体ETF,1.618,0.68%,0.546,Bull,0.45,BUY,Weak Buy ⚠️
20260109,588000.SH,科创50ETF,1.554,1.50%,0.538,Bull,0.45,BUY,Weak Buy ⚠️
20260109,159939.SZ,信息技术ETF,0.95,1.17%,0.531,Bull,0.45,BUY,Weak Buy ⚠️
20260109,159326.SZ,电网设备ETF,1.581,2.07%,0.523,Bull,0.45,BUY,Weak Buy ⚠️
20260109,159206.SZ,卫星ETF,2.001,6.27%,0.505,Bull,0.45,BUY,Weak Buy ⚠️
20260109,159915.SZ,创业板ETF,3.314,0.82%,0.488,Bull,0.45,BUY,Weak Buy ⚠️
20260109,510300.SH,沪深300ETF,4.885,0.45%,0.471,Bull,0.45,BUY,Weak Buy ⚠️
20260109,510500.SH,中证500ETF,8.216,2.39%,0.455,Bull,0.45,BUY,Weak Buy ⚠️
20260109,513500.SH,标普500ETF,2.46,0.08%,0.450,Bull,0.45,WAIT,Low Score ⚪
20260109,510050.SH,上证50ETF,3.209,0.34%,0.422,Bull,0.45,WAIT,Low Score ⚪
20260109,518880.SH,黄金ETF,9.592,0.85%,0.399,Bull,0.45,WAIT,Low Score ⚪
20260108,515030.SH,新能源车ETF,1.915,-1.29%,0.641,Bull,0.45,BUY,Buy ✅
20260108,512660.SH,军工ETF,1.505,4.51%,0.628,Bull,0.45,BUY,Buy ✅
20260108,512400.SH,有色金属ETF,2.032,-1.74%,0.607,Bull,0.45,BUY,Buy ✅
20260108,588000.SH,科创50ETF,1.531,0.72%,0.585,Bull,0.45,BUY,Weak Buy ⚠️
20260108,512690.SH,酒ETF,0.546,-0.18%,0.566,Bull,0.45,BUY,Weak Buy ⚠️
20260108,159206.SZ,卫星ETF,1.883,6.20%,0.559,Bull,0.45,BUY,Weak Buy ⚠️
20260108,515070.SH,人工智能ETF,2.027,0.45%,0.557,Bull,0.45,BUY,Weak Buy ⚠️
20260108,512480.SH,半导体ETF,1.607,0.25%,0.538,Bull,0.45,BUY,Weak Buy ⚠️
20260108,159939.SZ,信息技术ETF,0.939,0.00%,0.531,Bull,0.45,BUY,Weak Buy ⚠️
20260108,159326.SZ,电网设备ETF,1.549,0.06%,0.523,Bull,0.45,BUY,Weak Buy ⚠️
20260108,510500.SH,中证500ETF,8.024,0.31%,0.473,Bull,0.45,BUY,Weak Buy ⚠️
20260108,159915.SZ,创业板ETF,3.287,-0.72%,0.461,Bull,0.45,BUY,Weak Buy ⚠️
20260108,510300.SH,沪深300ETF,4.863,-0.78%,0.453,Bull,0.45,BUY,Weak Buy ⚠️
20260108,513500.SH,标普500ETF,2.458,-0.28%,0.450,Bull,0.45,WAIT,Low Score ⚪
20260108,510050.SH,上证50ETF,3.198,-0.68%,0.422,Bull,0.45,WAIT,Low Score ⚪
20260108,518880.SH,黄金ETF,9.511,-0.07%,0.384,Bull,0.45,WAIT,Low Score ⚪
20260107,515030.SH,新能源车ETF,1.94,-0.46%,0.632,Bull,0.45,BUY,Buy ✅
20260107,515070.SH,人工智能ETF,2.018,-0.10%,0.621,Bull,0.45,BUY,Buy ✅
20260107,512400.SH,有色金属ETF,2.068,0.39%,0.616,Bull,0.45,BUY,Buy ✅
20260107,512660.SH,军工ETF,1.44,-0.89%,0.605,Bull,0.45,BUY,Buy ✅
20260107,159206.SZ,卫星ETF,1.773,-1.12%,0.580,Bull,0.45,BUY,Weak Buy ⚠️
20260107,588000.SH,科创50ETF,1.52,1.00%,0.579,Bull,0.45,BUY,Weak Buy ⚠️
20260107,512690.SH,酒ETF,0.547,-0.55%,0.566,Bull,0.45,BUY,Weak Buy ⚠️
20260107,512480.SH,半导体ETF,1.603,2.56%,0.538,Bull,0.45,BUY,Weak Buy ⚠️
20260107,159326.SZ,电网设备ETF,1.548,1.78%,0.533,Bull,0.45,BUY,Weak Buy ⚠️
20260107,159939.SZ,信息技术ETF,0.939,0.54%,0.524,Bull,0.45,BUY,Weak Buy ⚠️
20260107,510300.SH,沪深300ETF,4.901,-0.37%,0.471,Bull,0.45,BUY,Weak Buy ⚠️
20260107,510500.SH,中证500ETF,7.999,0.48%,0.459,Bull,0.45,BUY,Weak Buy ⚠️
20260107,159915.SZ,创业板ETF,3.311,0.24%,0.455,Bull,0.45,BUY,Weak Buy ⚠️
20260107,513500.SH,标普500ETF,2.465,-0.08%,0.429,Bull,0.45,WAIT,Low Score ⚪
20260107,510050.SH,上证50ETF,3.22,-0.46%,0.422,Bull,0.45,WAIT,Low Score ⚪
20260107,518880.SH,黄金ETF,9.518,-0.62%,0.384,Bull,0.45,WAIT,Low Score ⚪
20260106,512400.SH,有色金属ETF,2.06,3.99%,0.643,Bull,0.45,BUY,Buy ✅
20260106,515030.SH,新能源车ETF,1.949,1.83%,0.632,Bull,0.45,BUY,Buy ✅
20260106,515070.SH,人工智能ETF,2.02,0.75%,0.629,Bull,0.45,BUY,Buy ✅
20260106,512660.SH,军工ETF,1.453,3.27%,0.605,Bull,0.45,BUY,Buy ✅
20260106,159206.SZ,卫星ETF,1.793,3.82%,0.594,Bull,0.45,BUY,Weak Buy ⚠️
20260106,512480.SH,半导体ETF,1.563,2.16%,0.591,Bull,0.45,BUY,Weak Buy ⚠️
20260106,512690.SH,酒ETF,0.55,0.73%,0.566,Bull,0.45,BUY,Weak Buy ⚠️
20260106,588000.SH,科创50ETF,1.505,1.76%,0.554,Bull,0.45,BUY,Weak Buy ⚠️
20260106,159939.SZ,信息技术ETF,0.934,1.85%,0.500,Bull,0.45,BUY,Weak Buy ⚠️
20260106,510300.SH,沪深300ETF,4.919,1.55%,0.483,Bull,0.45,BUY,Weak Buy ⚠️
20260106,159326.SZ,电网设备ETF,1.521,0.86%,0.470,Bull,0.45,BUY,Weak Buy ⚠️
20260106,159915.SZ,创业板ETF,3.303,0.67%,0.455,Bull,0.45,BUY,Weak Buy ⚠️
20260106,510500.SH,中证500ETF,7.961,2.17%,0.438,Bull,0.45,WAIT,Low Score ⚪
20260106,513500.SH,标普500ETF,2.467,-0.04%,0.434,Bull,0.45,WAIT,Low Score ⚪
20260106,510050.SH,上证50ETF,3.235,1.92%,0.392,Bull,0.45,WAIT,Low Score ⚪
20260106,518880.SH,黄金ETF,9.577,0.86%,0.379,Bull,0.45,WAIT,Low Score ⚪
20260105,159206.SZ,卫星ETF,1.727,2.13%,0.650,Bull,0.45,BUY,Buy ✅
20260105,512400.SH,有色金属ETF,1.981,2.80%,0.646,Bull,0.45,BUY,Buy ✅
20260105,515070.SH,人工智能ETF,2.005,3.03%,0.625,Bull,0.45,BUY,Buy ✅
20260105,515030.SH,新能源车ETF,1.914,2.35%,0.608,Bull,0.45,BUY,Buy ✅
20260105,512660.SH,军工ETF,1.407,2.48%,0.594,Bull,0.45,BUY,Weak Buy ⚠️
20260105,512690.SH,酒ETF,0.546,1.87%,0.569,Bull,0.45,BUY,Weak Buy ⚠️
20260105,512480.SH,半导体ETF,1.53,4.51%,0.562,Bull,0.45,BUY,Weak Buy ⚠️
20260105,588000.SH,科创50ETF,1.479,4.38%,0.540,Bull,0.45,BUY,Weak Buy ⚠️
20260105,159939.SZ,信息技术ETF,0.917,3.73%,0.500,Bull,0.45,BUY,Weak Buy ⚠️
20260105,159326.SZ,电网设备ETF,1.508,1.75%,0.470,Bull,0.45,BUY,Weak Buy ⚠️
20260105,159915.SZ,创业板ETF,3.281,2.98%,0.448,Bull,0.45,WAIT,Low Score ⚪
20260105,510500.SH,中证500ETF,7.792,2.69%,0.445,Bull,0.45,WAIT,Low Score ⚪
20260105,510300.SH,沪深300ETF,4.844,1.91%,0.439,Bull,0.45,WAIT,Low Score ⚪
20260105,510050.SH,上证50ETF,3.174,2.22%,0.437,Bull,0.45,WAIT,Low Score ⚪
20260105,513500.SH,标普500ETF,2.468,1.48%,0.425,Bull,0.45,WAIT,Low Score ⚪
20260105,518880.SH,黄金ETF,9.495,2.09%,0.384,Bull,0.45,WAIT,Low Score ⚪
20251231,512400.SH,有色金属ETF,1.927,0.94%,0.640,Bull,0.45,BUY,Buy ✅
20251231,159206.SZ,卫星ETF,1.691,6.09%,0.640,Bull,0.45,BUY,Buy ✅
20251231,515070.SH,人工智能ETF,1.946,-0.82%,0.600,Bull,0.45,BUY,Buy ✅
20251231,515030.SH,新能源车ETF,1.87,-0.58%,0.580,Bull,0.45,BUY,Weak Buy ⚠️
20251231,512660.SH,军工ETF,1.373,2.46%,0.572,Bull,0.45,BUY,Weak Buy ⚠️
20251231,512690.SH,酒ETF,0.536,-0.92%,0.569,Bull,0.45,BUY,Weak Buy ⚠️
20251231,512480.SH,半导体ETF,1.464,-1.48%,0.533,Bull,0.45,BUY,Weak Buy ⚠️
20251231,159939.SZ,信息技术ETF,0.884,-1.01%,0.517,Bull,0.45,BUY,Weak Buy ⚠️
20251231,159326.SZ,电网设备ETF,1.482,-0.67%,0.495,Bull,0.45,BUY,Weak Buy ⚠️
20251231,588000.SH,科创50ETF,1.417,-1.12%,0.479,Bull,0.45,BUY,Weak Buy ⚠️
20251231,159915.SZ,创业板ETF,3.186,-1.33%,0.446,Bull,0.45,WAIT,Low Score ⚪
20251231,510050.SH,上证50ETF,3.105,-0.10%,0.437,Bull,0.45,WAIT,Low Score ⚪
20251231,510500.SH,中证500ETF,7.588,0.09%,0.428,Bull,0.45,WAIT,Low Score ⚪
20251231,513500.SH,标普500ETF,2.432,-0.29%,0.425,Bull,0.45,WAIT,Low Score ⚪
20251231,510300.SH,沪深300ETF,4.753,-0.42%,0.419,Bull,0.45,WAIT,Low Score ⚪
20251231,518880.SH,黄金ETF,9.301,-0.66%,0.407,Bull,0.45,WAIT,Low Score ⚪
20251230,159206.SZ,卫星ETF,1.594,-0.62%,0.659,Bull,0.45,BUY,Buy ✅
20251230,512400.SH,有色金属ETF,1.909,1.65%,0.632,Bull,0.45,BUY,Buy ✅
20251230,515070.SH,人工智能ETF,1.962,1.40%,0.618,Bull,0.45,BUY,Buy ✅
20251230,515030.SH,新能源车ETF,1.881,1.73%,0.580,Bull,0.45,BUY,Weak Buy ⚠️
20251230,512660.SH,军工ETF,1.34,-0.74%,0.572,Bull,0.45,BUY,Weak Buy ⚠️
20251230,512690.SH,酒ETF,0.541,-0.37%,0.569,Bull,0.45,BUY,Weak Buy ⚠️
20251230,512480.SH,半导体ETF,1.486,1.36%,0.540,Bull,0.45,BUY,Weak Buy ⚠️
20251230,159939.SZ,信息技术ETF,0.893,0.68%,0.498,Bull,0.45,BUY,Weak Buy ⚠️
20251230,159326.SZ,电网设备ETF,1.492,-0.47%,0.488,Bull,0.45,BUY,Weak Buy ⚠️
20251230,588000.SH,科创50ETF,1.433,1.13%,0.479,Bull,0.45,BUY,Weak Buy ⚠️
20251230,159915.SZ,创业板ETF,3.229,0.75%,0.452,Bull,0.45,BUY,Weak Buy ⚠️
20251230,510300.SH,沪深300ETF,4.773,0.21%,0.439,Bull,0.45,WAIT,Low Score ⚪
20251230,510050.SH,上证50ETF,3.108,-0.03%,0.437,Bull,0.45,WAIT,Low Score ⚪
20251230,513500.SH,标普500ETF,2.439,-0.33%,0.425,Bull,0.45,WAIT,Low Score ⚪
20251230,510500.SH,中证500ETF,7.581,0.44%,0.407,Bull,0.45,WAIT,Low Score ⚪
20251230,518880.SH,黄金ETF,9.363,-2.09%,0.404,Bull,0.45,WAIT,Low Score ⚪
20251229,159206.SZ,卫星ETF,1.604,1.26%,0.659,Bull,0.45,BUY,Buy ✅
20251229,512400.SH,有色金属ETF,1.878,-2.19%,0.604,Bull,0.45,BUY,Buy ✅
20251229,515030.SH,新能源车ETF,1.849,-1.75%,0.582,Bull,0.45,BUY,Weak Buy ⚠️
20251229,512660.SH,军工ETF,1.35,1.35%,0.572,Bull,0.45,BUY,Weak Buy ⚠️
20251229,512690.SH,酒ETF,0.543,-1.27%,0.566,Bull,0.45,BUY,Weak Buy ⚠️
20251229,515070.SH,人工智能ETF,1.935,0.16%,0.564,Bull,0.45,BUY,Weak Buy ⚠️
20251229,159939.SZ,信息技术ETF,0.887,0.57%,0.498,Bull,0.45,BUY,Weak Buy ⚠️
20251229,159326.SZ,电网设备ETF,1.499,-1.45%,0.488,Bull,0.45,BUY,Weak Buy ⚠️
20251229,588000.SH,科创50ETF,1.417,-0.14%,0.479,Bull,0.45,BUY,Weak Buy ⚠️
20251229,512480.SH,半导体ETF,1.466,0.07%,0.479,Bull,0.45,BUY,Weak Buy ⚠️
20251229,159915.SZ,创业板ETF,3.205,-0.65%,0.459,Bull,0.45,BUY,Weak Buy ⚠️
20251229,510300.SH,沪深300ETF,4.763,-0.44%,0.439,Bull,0.45,WAIT,Low Score ⚪
20251229,510050.SH,上证50ETF,3.109,-0.35%,0.437,Bull,0.45,WAIT,Low Score ⚪
20251229,513500.SH,标普500ETF,2.447,-0.57%,0.425,Bull,0.45,WAIT,Low Score ⚪
20251229,518880.SH,黄金ETF,9.563,-0.90%,0.414,Bull,0.45,WAIT,Low Score ⚪
20251229,510500.SH,中证500ETF,7.548,-0.42%,0.385,Bull,0.45,WAIT,Low Score ⚪
20251226,159206.SZ,卫星ETF,1.584,2.66%,0.659,Bull,0.45,BUY,Buy ✅
20251226,512400.SH,有色金属ETF,1.92,3.95%,0.604,Bull,0.45,BUY,Buy ✅
20251226,515030.SH,新能源车ETF,1.882,2.28%,0.589,Bull,0.45,BUY,Weak Buy ⚠️
20251226,512660.SH,军工ETF,1.332,1.14%,0.572,Bull,0.45,BUY,Weak Buy ⚠️
20251226,512690.SH,酒ETF,0.55,-0.72%,0.566,Bull,0.45,BUY,Weak Buy ⚠️
20251226,515070.SH,人工智能ETF,1.932,-0.31%,0.564,Bull,0.45,BUY,Weak Buy ⚠️
20251226,159939.SZ,信息技术ETF,0.882,-0.56%,0.498,Bull,0.45,BUY,Weak Buy ⚠️
20251226,159326.SZ,电网设备ETF,1.521,0.07%,0.496,Bull,0.45,BUY,Weak Buy ⚠️
20251226,512480.SH,半导体ETF,1.465,-0.41%,0.487,Bull,0.45,BUY,Weak Buy ⚠️
20251226,588000.SH,科创50ETF,1.419,-0.21%,0.479,Bull,0.45,BUY,Weak Buy ⚠️
20251226,159915.SZ,创业板ETF,3.226,0.12%,0.462,Bull,0.45,BUY,Weak Buy ⚠️
20251226,510300.SH,沪深300ETF,4.784,0.38%,0.439,Bull,0.45,WAIT,Low Score ⚪
20251226,510050.SH,上证50ETF,3.12,0.42%,0.437,Bull,0.45,WAIT,Low Score ⚪
20251226,513500.SH,标普500ETF,2.461,0.12%,0.425,Bull,0.45,WAIT,Low Score ⚪
20251226,518880.SH,黄金ETF,9.65,0.88%,0.413,Bull,0.45,WAIT,Low Score ⚪
20251226,510500.SH,中证500ETF,7.58,0.61%,0.385,Bull,0.45,WAIT,Low Score ⚪
20251225,159206.SZ,卫星ETF,1.543,6.93%,0.642,Bull,0.45,BUY,Buy ✅
20251225,515030.SH,新能源车ETF,1.84,0.38%,0.589,Bull,0.45,BUY,Weak Buy ⚠️
20251225,512400.SH,有色金属ETF,1.847,-1.18%,0.576,Bull,0.45,BUY,Weak Buy ⚠️
20251225,512690.SH,酒ETF,0.554,1.09%,0.566,Bull,0.45,BUY,Weak Buy ⚠️
20251225,515070.SH,人工智能ETF,1.938,0.26%,0.561,Bull,0.45,BUY,Weak Buy ⚠️
20251225,512660.SH,军工ETF,1.317,3.05%,0.556,Bull,0.45,BUY,Weak Buy ⚠️
20251225,512480.SH,半导体ETF,1.471,-0.07%,0.540,Bull,0.45,BUY,Weak Buy ⚠️
20251225,159939.SZ,信息技术ETF,0.887,0.34%,0.500,Bull,0.45,BUY,Weak Buy ⚠️
20251225,159326.SZ,电网设备ETF,1.52,0.66%,0.496,Bull,0.45,BUY,Weak Buy ⚠️
20251225,588000.SH,科创50ETF,1.422,-0.07%,0.479,Bull,0.45,BUY,Weak Buy ⚠️
20251225,159915.SZ,创业板ETF,3.222,0.31%,0.445,Bull,0.45,WAIT,Low Score ⚪
20251225,510300.SH,沪深300ETF,4.766,0.19%,0.439,Bull,0.45,WAIT,Low Score ⚪
20251225,510050.SH,上证50ETF,3.107,0.26%,0.437,Bull,0.45,WAIT,Low Score ⚪
20251225,513500.SH,标普500ETF,2.458,0.12%,0.425,Bull,0.45,WAIT,Low Score ⚪
20251225,518880.SH,黄金ETF,9.566,-0.79%,0.402,Bull,0.45,WAIT,Low Score ⚪
20251225,510500.SH,中证500ETF,7.534,0.86%,0.358,Bull,0.45,WAIT,Low Score ⚪
20251224,159206.SZ,卫星ETF,1.443,5.25%,0.630,Bull,0.45,BUY,Buy ✅
20251224,512400.SH,有色金属ETF,1.869,0.54%,0.582,Bull,0.45,BUY,Weak Buy ⚠️
20251224,512690.SH,酒ETF,0.548,-0.36%,0.569,Bull,0.45,BUY,Weak Buy ⚠️
20251224,515030.SH,新能源车ETF,1.833,0.83%,0.563,Bull,0.45,BUY,Weak Buy ⚠️
20251224,515070.SH,人工智能ETF,1.933,0.73%,0.561,Bull,0.45,BUY,Weak Buy ⚠️
20251224,512480.SH,半导体ETF,1.472,1.52%,0.533,Bull,0.45,BUY,Weak Buy ⚠️
20251224,512660.SH,军工ETF,1.278,2.82%,0.523,Bull,0.45,BUY,Weak Buy ⚠️
20251224,159939.SZ,信息技术ETF,0.884,1.73%,0.500,Bull,0.45,BUY,Weak Buy ⚠️
20251224,159326.SZ,电网设备ETF,1.51,0.94%,0.488,Bull,0.45,BUY,Weak Buy ⚠️
20251224,588000.SH,科创50ETF,1.423,0.92%,0.479,Bull,0.45,BUY,Weak Buy ⚠️
20251224,159915.SZ,创业板ETF,3.212,0.85%,0.459,Bull,0.45,BUY,Weak Buy ⚠️
20251224,510300.SH,沪深300ETF,4.757,0.36%,0.439,Bull,0.45,WAIT,Low Score ⚪
20251224,510050.SH,上证50ETF,3.099,0.03%,0.437,Bull,0.45,WAIT,Low Score ⚪
20251224,513500.SH,标普500ETF,2.455,0.33%,0.425,Bull,0.45,WAIT,Low Score ⚪
20251224,518880.SH,黄金ETF,9.642,0.03%,0.413,Bull,0.45,WAIT,Low Score ⚪
20251224,510500.SH,中证500ETF,7.47,1.30%,0.342,Bull,0.45,WAIT,Low Score ⚪
20251223,159206.SZ,卫星ETF,1.371,-4.06%,0.632,Bull,0.45,BUY,Buy ✅
20251223,512400.SH,有色金属ETF,1.859,0.65%,0.582,Bull,0.45,BUY,Weak Buy ⚠️
20251223,512690.SH,酒ETF,0.55,-0.54%,0.569,Bull,0.45,BUY,Weak Buy ⚠️
20251223,515030.SH,新能源车ETF,1.818,1.85%,0.563,Bull,0.45,BUY,Weak Buy ⚠️
20251223,515070.SH,人工智能ETF,1.919,0.21%,0.554,Bull,0.45,BUY,Weak Buy ⚠️
20251223,512480.SH,半导体ETF,1.45,0.97%,0.533,Bull,0.45,BUY,Weak Buy ⚠️
20251223,512660.SH,军工ETF,1.243,-1.51%,0.519,Bull,0.45,BUY,Weak Buy ⚠️
20251223,159939.SZ,信息技术ETF,0.869,0.23%,0.506,Bull,0.45,BUY,Weak Buy ⚠️
20251223,159326.SZ,电网设备ETF,1.496,0.54%,0.481,Bull,0.45,BUY,Weak Buy ⚠️
20251223,588000.SH,科创50ETF,1.41,0.36%,0.479,Bull,0.45,BUY,Weak Buy ⚠️
20251223,510050.SH,上证50ETF,3.098,0.19%,0.437,Bull,0.45,WAIT,Low Score ⚪
20251223,159915.SZ,创业板ETF,3.185,0.32%,0.432,Bull,0.45,WAIT,Low Score ⚪
20251223,510300.SH,沪深300ETF,4.74,0.21%,0.428,Bull,0.45,WAIT,Low Score ⚪
20251223,513500.SH,标普500ETF,2.447,-0.37%,0.425,Bull,0.45,WAIT,Low Score ⚪
20251223,518880.SH,黄金ETF,9.639,1.35%,0.413,Bull,0.45,WAIT,Low Score ⚪
20251223,510500.SH,中证500ETF,7.374,0.08%,0.342,Bull,0.45,WAIT,Low Score ⚪
20251222,159206.SZ,卫星ETF,1.429,0.35%,0.634,Bull,0.45,BUY,Buy ✅
20251222,512400.SH,有色金属ETF,1.847,2.21%,0.578,Bull,0.45,BUY,Weak Buy ⚠️
20251222,512690.SH,酒ETF,0.553,-0.18%,0.570,Bull,0.45,BUY,Weak Buy ⚠️
20251222,515070.SH,人工智能ETF,1.915,2.13%,0.544,Bull,0.45,BUY,Weak Buy ⚠️
20251222,515030.SH,新能源车ETF,1.785,1.65%,0.527,Bull,0.45,BUY,Weak Buy ⚠️
20251222,512660.SH,军工ETF,1.262,0.56%,0.523,Bull,0.45,BUY,Weak Buy ⚠️
20251222,159915.SZ,创业板ETF,3.175,2.19%,0.507,Bull,0.45,BUY,Weak Buy ⚠️
20251222,159939.SZ,信息技术ETF,0.867,2.60%,0.505,Bull,0.45,BUY,Weak Buy ⚠️
20251222,159326.SZ,电网设备ETF,1.488,2.27%,0.481,Bull,0.45,BUY,Weak Buy ⚠️
20251222,588000.SH,科创50ETF,1.405,1.81%,0.476,Bull,0.45,BUY,Weak Buy ⚠️
20251222,512480.SH,半导体ETF,1.436,2.72%,0.476,Bull,0.45,BUY,Weak Buy ⚠️
20251222,510050.SH,上证50ETF,3.092,0.45%,0.437,Bull,0.45,WAIT,Low Score ⚪
20251222,513500.SH,标普500ETF,2.456,0.20%,0.425,Bull,0.45,WAIT,Low Score ⚪
20251222,518880.SH,黄金ETF,9.511,2.13%,0.414,Bull,0.45,WAIT,Low Score ⚪
20251222,510300.SH,沪深300ETF,4.73,0.90%,0.412,Bull,0.45,WAIT,Low Score ⚪
20251222,510500.SH,中证500ETF,7.368,1.13%,0.348,Bull,0.45,WAIT,Low Score ⚪
20251219,159206.SZ,卫星ETF,1.424,1.42%,0.612,Bear,0.75,WAIT,Bear Filter 🛡️
20251219,512690.SH,酒ETF,0.554,0.36%,0.570,Bear,0.75,WAIT,Bear Filter 🛡️
20251219,515070.SH,人工智能ETF,1.875,0.54%,0.537,Bear,0.75,WAIT,Bear Filter 🛡️
20251219,515030.SH,新能源车ETF,1.756,1.09%,0.522,Bear,0.75,WAIT,Bear Filter 🛡️
20251219,512660.SH,军工ETF,1.255,1.29%,0.519,Bear,0.75,WAIT,Bear Filter 🛡️
20251219,512400.SH,有色金属ETF,1.807,1.98%,0.517,Bear,0.75,WAIT,Bear Filter 🛡️
20251219,159326.SZ,电网设备ETF,1.455,1.54%,0.503,Bear,0.75,WAIT,Bear Filter 🛡️
20251219,159939.SZ,信息技术ETF,0.845,-0.12%,0.478,Bear,0.75,WAIT,Bear Filter 🛡️
20251219,588000.SH,科创50ETF,1.38,0.29%,0.466,Bear,0.75,WAIT,Bear Filter 🛡️
20251219,512480.SH,半导体ETF,1.398,-0.21%,0.466,Bear,0.75,WAIT,Bear Filter 🛡️
20251219,159915.SZ,创业板ETF,3.107,0.49%,0.456,Bear,0.75,WAIT,Bear Filter 🛡️
20251219,510050.SH,上证50ETF,3.078,0.46%,0.437,Bear,0.75,WAIT,Bear Filter 🛡️
20251219,513500.SH,标普500ETF,2.451,1.03%,0.425,Bear,0.75,WAIT,Bear Filter 🛡️
20251219,510300.SH,沪深300ETF,4.688,0.43%,0.412,Bear,0.75,WAIT,Bear Filter 🛡️
20251219,518880.SH,黄金ETF,9.313,-0.05%,0.402,Bear,0.75,WAIT,Bear Filter 🛡️
20251219,510500.SH,中证500ETF,7.286,0.90%,0.348,Bear,0.75,WAIT,Bear Filter 🛡️
20251218,159206.SZ,卫星ETF,1.404,3.08%,0.614,Bear,0.75,WAIT,Bear Filter 🛡️
20251218,512690.SH,酒ETF,0.552,-0.18%,0.585,Bear,0.75,WAIT,Bear Filter 🛡️
20251218,515070.SH,人工智能ETF,1.865,-1.69%,0.544,Bear,0.75,WAIT,Bear Filter 🛡️
20251218,515030.SH,新能源车ETF,1.737,-1.81%,0.522,Bear,0.75,WAIT,Bear Filter 🛡️
20251218,512660.SH,军工ETF,1.239,1.06%,0.519,Bear,0.75,WAIT,Bear Filter 🛡️
20251218,512400.SH,有色金属ETF,1.772,-0.17%,0.508,Bear,0.75,WAIT,Bear Filter 🛡️
20251218,159939.SZ,信息技术ETF,0.846,-1.63%,0.505,Bear,0.75,WAIT,Bear Filter 🛡️
20251218,159326.SZ,电网设备ETF,1.433,-1.71%,0.484,Bear,0.75,WAIT,Bear Filter 🛡️
20251218,512480.SH,半导体ETF,1.401,-0.78%,0.476,Bear,0.75,WAIT,Bear Filter 🛡️
20251218,588000.SH,科创50ETF,1.376,-1.43%,0.466,Bear,0.75,WAIT,Bear Filter 🛡️
20251218,510050.SH,上证50ETF,3.064,0.20%,0.456,Bear,0.75,WAIT,Bear Filter 🛡️
20251218,159915.SZ,创业板ETF,3.092,-2.28%,0.456,Bear,0.75,WAIT,Bear Filter 🛡️
20251218,513500.SH,标普500ETF,2.426,-0.37%,0.425,Bear,0.75,WAIT,Bear Filter 🛡️
20251218,510300.SH,沪深300ETF,4.668,-0.66%,0.410,Bear,0.75,WAIT,Bear Filter 🛡️
20251218,510500.SH,中证500ETF,7.221,-0.52%,0.404,Bear,0.75,WAIT,Bear Filter 🛡️
20251218,518880.SH,黄金ETF,9.318,0.09%,0.402,Bear,0.75,WAIT,Bear Filter 🛡️
20251217,159206.SZ,卫星ETF,1.362,-0.80%,0.585,Bear,0.75,WAIT,Bear Filter 🛡️
20251217,512690.SH,酒ETF,0.553,-0.36%,0.585,Bear,0.75,WAIT,Bear Filter 🛡️
20251217,515070.SH,人工智能ETF,1.897,3.55%,0.554,Bear,0.75,WAIT,Bear Filter 🛡️
20251217,515030.SH,新能源车ETF,1.769,3.09%,0.527,Bear,0.75,WAIT,Bear Filter 🛡️
20251217,512660.SH,军工ETF,1.226,0.00%,0.519,Bear,0.75,WAIT,Bear Filter 🛡️
20251217,159326.SZ,电网设备ETF,1.458,1.67%,0.507,Bear,0.75,WAIT,Bear Filter 🛡️
20251217,159939.SZ,信息技术ETF,0.86,2.87%,0.505,Bear,0.75,WAIT,Bear Filter 🛡️
20251217,512400.SH,有色金属ETF,1.775,3.50%,0.494,Bear,0.75,WAIT,Bear Filter 🛡️
20251217,588000.SH,科创50ETF,1.396,2.57%,0.476,Bear,0.75,WAIT,Bear Filter 🛡️
20251217,512480.SH,半导体ETF,1.412,2.17%,0.476,Bear,0.75,WAIT,Bear Filter 🛡️
20251217,510050.SH,上证50ETF,3.058,1.16%,0.456,Bear,0.75,WAIT,Bear Filter 🛡️
20251217,159915.SZ,创业板ETF,3.164,3.40%,0.452,Bear,0.75,WAIT,Bear Filter 🛡️
20251217,513500.SH,标普500ETF,2.435,0.62%,0.425,Bear,0.75,WAIT,Bear Filter 🛡️
20251217,510300.SH,沪深300ETF,4.699,1.71%,0.410,Bear,0.75,WAIT,Bear Filter 🛡️
20251217,518880.SH,黄金ETF,9.31,0.76%,0.397,Bear,0.75,WAIT,Bear Filter 🛡️
20251217,510500.SH,中证500ETF,7.259,1.87%,0.348,Bear,0.75,WAIT,Bear Filter 🛡️
20251216,159206.SZ,卫星ETF,1.373,-0.72%,0.585,Bear,0.75,WAIT,Bear Filter 🛡️
20251216,512690.SH,酒ETF,0.555,0.18%,0.585,Bear,0.75,WAIT,Bear Filter 🛡️
20251216,515070.SH,人工智能ETF,1.832,-2.50%,0.544,Bear,0.75,WAIT,Bear Filter 🛡️
20251216,515030.SH,新能源车ETF,1.716,-1.61%,0.519,Bear,0.75,WAIT,Bear Filter 🛡️
20251216,512660.SH,军工ETF,1.226,-1.53%,0.519,Bear,0.75,WAIT,Bear Filter 🛡️
20251216,159326.SZ,电网设备ETF,1.434,-3.04%,0.507,Bear,0.75,WAIT,Bear Filter 🛡️
20251216,159939.SZ,信息技术ETF,0.836,-1.53%,0.505,Bear,0.75,WAIT,Bear Filter 🛡️
20251216,512400.SH,有色金属ETF,1.715,-2.67%,0.497,Bear,0.75,WAIT,Bear Filter 🛡️
20251216,512480.SH,半导体ETF,1.382,-1.78%,0.476,Bear,0.75,WAIT,Bear Filter 🛡️
20251216,588000.SH,科创50ETF,1.361,-2.02%,0.466,Bear,0.75,WAIT,Bear Filter 🛡️
20251216,510050.SH,上证50ETF,3.103,-0.96%,0.456,Bear,0.75,WAIT,Bear Filter 🛡️
20251216,159915.SZ,创业板ETF,3.06,-1.92%,0.452,Bear,0.75,WAIT,Bear Filter 🛡️
20251216,513500.SH,标普500ETF,2.42,-1.10%,0.418,Bear,0.75,WAIT,Bear Filter 🛡️
20251216,510300.SH,沪深300ETF,4.62,-1.01%,0.407,Bear,0.75,WAIT,Bear Filter 🛡️
20251216,510500.SH,中证500ETF,7.126,-1.52%,0.404,Bear,0.75,WAIT,Bear Filter 🛡️
20251216,518880.SH,黄金ETF,9.24,-1.19%,0.397,Bear,0.75,WAIT,Bear Filter 🛡️
20251215,159206.SZ,卫星ETF,1.383,2.60%,0.606,Bear,0.75,WAIT,Bear Filter 🛡️
20251215,512690.SH,酒ETF,0.554,0.54%,0.585,Bear,0.75,WAIT,Bear Filter 🛡️
20251215,515070.SH,人工智能ETF,1.879,-1.57%,0.573,Bear,0.75,WAIT,Bear Filter 🛡️
20251215,512480.SH,半导体ETF,1.407,-2.29%,0.533,Bear,0.75,WAIT,Bear Filter 🛡️
20251215,512400.SH,有色金属ETF,1.762,-0.45%,0.533,Bear,0.75,WAIT,Bear Filter 🛡️
20251215,512660.SH,军工ETF,1.245,0.97%,0.527,Bear,0.75,WAIT,Bear Filter 🛡️
20251215,515030.SH,新能源车ETF,1.744,-2.08%,0.522,Bear,0.75,WAIT,Bear Filter 🛡️
20251215,159326.SZ,电网设备ETF,1.479,-0.34%,0.507,Bear,0.75,WAIT,Bear Filter 🛡️
20251215,159939.SZ,信息技术ETF,0.849,-2.41%,0.505,Bear,0.75,WAIT,Bear Filter 🛡️
20251215,588000.SH,科创50ETF,1.389,-2.05%,0.479,Bear,0.75,WAIT,Bear Filter 🛡️
20251215,159915.SZ,创业板ETF,3.12,-1.70%,0.440,Bear,0.75,WAIT,Bear Filter 🛡️
20251215,518880.SH,黄金ETF,9.351,1.34%,0.424,Bear,0.75,WAIT,Bear Filter 🛡️
20251215,513500.SH,标普500ETF,2.447,-0.24%,0.418,Bear,0.75,WAIT,Bear Filter 🛡️
20251215,510050.SH,上证50ETF,3.133,-0.03%,0.413,Bear,0.75,WAIT,Bear Filter 🛡️
20251215,510300.SH,沪深300ETF,4.667,-0.58%,0.410,Bear,0.75,WAIT,Bear Filter 🛡️
20251215,510500.SH,中证500ETF,7.236,-0.67%,0.340,Bear,0.75,WAIT,Bear Filter 🛡️
20251212,515070.SH,人工智能ETF,1.909,0.95%,0.587,Bear,0.75,WAIT,Bear Filter 🛡️
20251212,512690.SH,酒ETF,0.551,0.18%,0.585,Bear,0.75,WAIT,Bear Filter 🛡️
20251212,159206.SZ,卫星ETF,1.348,1.51%,0.569,Bear,0.75,WAIT,Bear Filter 🛡️
20251212,512480.SH,半导体ETF,1.44,1.77%,0.540,Bear,0.75,WAIT,Bear Filter 🛡️
20251212,588000.SH,科创50ETF,1.418,1.87%,0.533,Bear,0.75,WAIT,Bear Filter 🛡️
20251212,515030.SH,新能源车ETF,1.781,-0.50%,0.527,Bear,0.75,WAIT,Bear Filter 🛡️
20251212,159939.SZ,信息技术ETF,0.87,1.40%,0.527,Bear,0.75,WAIT,Bear Filter 🛡️
20251212,512400.SH,有色金属ETF,1.77,1.09%,0.524,Bear,0.75,WAIT,Bear Filter 🛡️
20251212,159915.SZ,创业板ETF,3.174,0.89%,0.519,Bear,0.75,WAIT,Bear Filter 🛡️
20251212,512660.SH,军工ETF,1.233,1.07%,0.508,Bear,0.75,WAIT,Bear Filter 🛡️
20251212,159326.SZ,电网设备ETF,1.484,3.49%,0.507,Bear,0.75,WAIT,Bear Filter 🛡️
20251212,510300.SH,沪深300ETF,4.694,0.56%,0.439,Bear,0.75,WAIT,Bear Filter 🛡️
20251212,510050.SH,上证50ETF,3.134,0.45%,0.437,Bear,0.75,WAIT,Bear Filter 🛡️
20251212,518880.SH,黄金ETF,9.227,1.28%,0.428,Bear,0.75,WAIT,Bear Filter 🛡️
20251212,513500.SH,标普500ETF,2.453,0.86%,0.418,Bear,0.75,WAIT,Bear Filter 🛡️
20251212,510500.SH,中证500ETF,7.285,1.17%,0.334,Bear,0.75,WAIT,Bear Filter 🛡️
20251211,159206.SZ,卫星ETF,1.328,0.23%,0.600,Bear,0.75,WAIT,Bear Filter 🛡️
20251211,512690.SH,酒ETF,0.55,-0.54%,0.594,Bear,0.75,WAIT,Bear Filter 🛡️
20251211,515070.SH,人工智能ETF,1.891,-2.37%,0.587,Bear,0.75,WAIT,Bear Filter 🛡️
20251211,512480.SH,半导体ETF,1.415,-1.60%,0.540,Bear,0.75,WAIT,Bear Filter 🛡️
20251211,588000.SH,科创50ETF,1.392,-1.63%,0.533,Bear,0.75,WAIT,Bear Filter 🛡️
20251211,515030.SH,新能源车ETF,1.79,-0.67%,0.527,Bear,0.75,WAIT,Bear Filter 🛡️
20251211,512400.SH,有色金属ETF,1.751,-0.74%,0.524,Bear,0.75,WAIT,Bear Filter 🛡️
20251211,159915.SZ,创业板ETF,3.146,-1.44%,0.519,Bear,0.75,WAIT,Bear Filter 🛡️
20251211,512660.SH,军工ETF,1.22,-0.41%,0.519,Bear,0.75,WAIT,Bear Filter 🛡️
20251211,159939.SZ,信息技术ETF,0.858,-1.49%,0.517,Bear,0.75,WAIT,Bear Filter 🛡️
20251211,159326.SZ,电网设备ETF,1.434,-0.21%,0.503,Bear,0.75,WAIT,Bear Filter 🛡️
20251211,510300.SH,沪深300ETF,4.668,-0.72%,0.439,Bear,0.75,WAIT,Bear Filter 🛡️
20251211,510050.SH,上证50ETF,3.12,-0.38%,0.437,Bear,0.75,WAIT,Bear Filter 🛡️
20251211,518880.SH,黄金ETF,9.11,0.16%,0.436,Bear,0.75,WAIT,Bear Filter 🛡️
20251211,513500.SH,标普500ETF,2.432,-0.45%,0.418,Bear,0.75,WAIT,Bear Filter 🛡️
20251211,510500.SH,中证500ETF,7.201,-0.85%,0.340,Bear,0.75,WAIT,Bear Filter 🛡️
20251210,512690.SH,酒ETF,0.553,0.73%,0.594,Bull,0.45,BUY,Weak Buy ⚠️
20251210,159206.SZ,卫星ETF,1.325,1.15%,0.589,Bull,0.45,BUY,Weak Buy ⚠️
20251210,512480.SH,半导体ETF,1.438,0.14%,0.587,Bull,0.45,BUY,Weak Buy ⚠️
20251210,515070.SH,人工智能ETF,1.937,0.05%,0.587,Bull,0.45,BUY,Weak Buy ⚠️
20251210,159939.SZ,信息技术ETF,0.871,-0.80%,0.527,Bull,0.45,BUY,Weak Buy ⚠️
20251210,512400.SH,有色金属ETF,1.764,1.03%,0.521,Bull,0.45,BUY,Weak Buy ⚠️
20251210,512660.SH,军工ETF,1.225,0.82%,0.519,Bull,0.45,BUY,Weak Buy ⚠️
20251210,515030.SH,新能源车ETF,1.802,0.45%,0.512,Bull,0.45,BUY,Weak Buy ⚠️
20251210,159915.SZ,创业板ETF,3.192,0.13%,0.501,Bull,0.45,BUY,Weak Buy ⚠️
20251210,159326.SZ,电网设备ETF,1.437,0.00%,0.484,Bull,0.45,BUY,Weak Buy ⚠️
20251210,588000.SH,科创50ETF,1.415,0.07%,0.479,Bull,0.45,BUY,Weak Buy ⚠️
20251210,510300.SH,沪深300ETF,4.702,-0.13%,0.439,Bull,0.45,WAIT,Low Score ⚪
20251210,513500.SH,标普500ETF,2.443,0.95%,0.418,Bull,0.45,WAIT,Low Score ⚪
20251210,518880.SH,黄金ETF,9.095,0.54%,0.409,Bull,0.45,WAIT,Low Score ⚪
20251210,510050.SH,上证50ETF,3.132,-0.32%,0.385,Bull,0.45,WAIT,Low Score ⚪
20251210,510500.SH,中证500ETF,7.263,0.54%,0.342,Bull,0.45,WAIT,Low Score ⚪
20251209,512690.SH,酒ETF,0.549,-1.44%,0.608,Bull,0.45,BUY,Buy ✅
20251209,159206.SZ,卫星ETF,1.31,0.23%,0.600,Bull,0.45,BUY,Buy ✅
20251209,512480.SH,半导体ETF,1.436,-0.35%,0.594,Bull,0.45,BUY,Weak Buy ⚠️
20251209,515070.SH,人工智能ETF,1.936,1.31%,0.580,Bull,0.45,BUY,Weak Buy ⚠️
20251209,512400.SH,有色金属ETF,1.746,-3.32%,0.521,Bull,0.45,BUY,Weak Buy ⚠️
20251209,512660.SH,军工ETF,1.215,-0.08%,0.519,Bull,0.45,BUY,Weak Buy ⚠️
20251209,159939.SZ,信息技术ETF,0.878,0.57%,0.514,Bull,0.45,BUY,Weak Buy ⚠️
20251209,515030.SH,新能源车ETF,1.794,-1.37%,0.512,Bull,0.45,BUY,Weak Buy ⚠️
20251209,159915.SZ,创业板ETF,3.188,0.54%,0.501,Bull,0.45,BUY,Weak Buy ⚠️
20251209,159326.SZ,电网设备ETF,1.437,-0.21%,0.484,Bull,0.45,BUY,Weak Buy ⚠️
20251209,588000.SH,科创50ETF,1.414,-0.42%,0.479,Bull,0.45,BUY,Weak Buy ⚠️
20251209,510300.SH,沪深300ETF,4.708,-0.51%,0.439,Bull,0.45,WAIT,Low Score ⚪
20251209,518880.SH,黄金ETF,9.046,-0.70%,0.401,Bull,0.45,WAIT,Low Score ⚪
20251209,513500.SH,标普500ETF,2.42,-0.98%,0.398,Bull,0.45,WAIT,Low Score ⚪
20251209,510050.SH,上证50ETF,3.142,-0.70%,0.385,Bull,0.45,WAIT,Low Score ⚪
20251209,510500.SH,中证500ETF,7.224,-0.74%,0.348,Bull,0.45,WAIT,Low Score ⚪
20251208,512690.SH,酒ETF,0.557,-1.07%,0.608,Bull,0.45,BUY,Buy ✅
20251208,159206.SZ,卫星ETF,1.307,0.93%,0.599,Bull,0.45,BUY,Weak Buy ⚠️
20251208,512480.SH,半导体ETF,1.441,2.49%,0.581,Bull,0.45,BUY,Weak Buy ⚠️
20251208,515070.SH,人工智能ETF,1.911,3.07%,0.580,Bull,0.45,BUY,Weak Buy ⚠️
20251208,512400.SH,有色金属ETF,1.806,0.72%,0.528,Bull,0.45,BUY,Weak Buy ⚠️
20251208,512660.SH,军工ETF,1.216,1.00%,0.519,Bull,0.45,BUY,Weak Buy ⚠️
20251208,515030.SH,新能源车ETF,1.819,2.31%,0.512,Bull,0.45,BUY,Weak Buy ⚠️
20251208,159939.SZ,信息技术ETF,0.873,2.11%,0.510,Bull,0.45,BUY,Weak Buy ⚠️
20251208,159915.SZ,创业板ETF,3.171,2.65%,0.501,Bull,0.45,BUY,Weak Buy ⚠️
20251208,588000.SH,科创50ETF,1.42,1.87%,0.479,Bull,0.45,BUY,Weak Buy ⚠️
20251208,159326.SZ,电网设备ETF,1.44,0.35%,0.459,Bull,0.45,BUY,Weak Buy ⚠️
20251208,510300.SH,沪深300ETF,4.732,0.72%,0.456,Bull,0.45,BUY,Weak Buy ⚠️
20251208,518880.SH,黄金ETF,9.11,-0.28%,0.413,Bull,0.45,WAIT,Low Score ⚪
20251208,510050.SH,上证50ETF,3.164,0.60%,0.385,Bull,0.45,WAIT,Low Score ⚪
20251208,513500.SH,标普500ETF,2.444,-0.29%,0.368,Bull,0.45,WAIT,Low Score ⚪
20251208,510500.SH,中证500ETF,7.278,0.86%,0.342,Bull,0.45,WAIT,Low Score ⚪
20251205,512690.SH,酒ETF,0.563,0.36%,0.608,Bull,0.45,BUY,Buy ✅
20251205,515070.SH,人工智能ETF,1.854,0.22%,0.575,Bull,0.45,BUY,Weak Buy ⚠️
20251205,159206.SZ,卫星ETF,1.295,4.44%,0.552,Bull,0.45,BUY,Weak Buy ⚠️
20251205,512480.SH,半导体ETF,1.406,-0.35%,0.548,Bull,0.45,BUY,Weak Buy ⚠️
20251205,512400.SH,有色金属ETF,1.793,2.57%,0.521,Bull,0.45,BUY,Weak Buy ⚠️
20251205,515030.SH,新能源车ETF,1.778,0.57%,0.512,Bull,0.45,BUY,Weak Buy ⚠️
20251205,159939.SZ,信息技术ETF,0.855,0.35%,0.506,Bull,0.45,BUY,Weak Buy ⚠️
20251205,159915.SZ,创业板ETF,3.089,1.25%,0.487,Bull,0.45,BUY,Weak Buy ⚠️
20251205,512660.SH,军工ETF,1.204,2.38%,0.484,Bull,0.45,BUY,Weak Buy ⚠️
20251205,588000.SH,科创50ETF,1.394,0.00%,0.466,Bull,0.45,BUY,Weak Buy ⚠️
20251205,510300.SH,沪深300ETF,4.698,0.88%,0.456,Bull,0.45,BUY,Weak Buy ⚠️
20251205,159326.SZ,电网设备ETF,1.435,3.02%,0.450,Bull,0.45,WAIT,Low Score ⚪
20251205,518880.SH,黄金ETF,9.136,0.79%,0.401,Bull,0.45,WAIT,Low Score ⚪
20251205,513500.SH,标普500ETF,2.451,-0.41%,0.401,Bull,0.45,WAIT,Low Score ⚪
20251205,510050.SH,上证50ETF,3.145,0.93%,0.385,Bull,0.45,WAIT,Low Score ⚪
20251205,510500.SH,中证500ETF,7.216,1.28%,0.339,Bull,0.45,WAIT,Low Score ⚪
20251204,512690.SH,酒ETF,0.561,-1.58%,0.608,Bear,0.75,WAIT,Bear Filter 🛡️
20251204,512480.SH,半导体ETF,1.411,1.95%,0.573,Bear,0.75,WAIT,Bear Filter 🛡️
20251204,515070.SH,人工智能ETF,1.85,0.82%,0.566,Bear,0.75,WAIT,Bear Filter 🛡️
20251204,159206.SZ,卫星ETF,1.24,2.56%,0.527,Bear,0.75,WAIT,Bear Filter 🛡️
20251204,512400.SH,有色金属ETF,1.748,0.34%,0.513,Bear,0.75,WAIT,Bear Filter 🛡️
20251204,515030.SH,新能源车ETF,1.768,0.97%,0.512,Bear,0.75,WAIT,Bear Filter 🛡️
20251204,159939.SZ,信息技术ETF,0.852,0.83%,0.506,Bear,0.75,WAIT,Bear Filter 🛡️
20251204,512660.SH,军工ETF,1.176,0.60%,0.480,Bear,0.75,WAIT,Bear Filter 🛡️
20251204,588000.SH,科创50ETF,1.394,1.38%,0.459,Bear,0.75,WAIT,Bear Filter 🛡️
20251204,159326.SZ,电网设备ETF,1.393,0.07%,0.450,Bear,0.75,WAIT,Bear Filter 🛡️
20251204,513500.SH,标普500ETF,2.461,-0.32%,0.445,Bear,0.75,WAIT,Bear Filter 🛡️
20251204,510300.SH,沪深300ETF,4.657,0.26%,0.439,Bear,0.75,WAIT,Bear Filter 🛡️
20251204,159915.SZ,创业板ETF,3.051,1.06%,0.425,Bear,0.75,WAIT,Bear Filter 🛡️
20251204,518880.SH,黄金ETF,9.064,-0.35%,0.390,Bear,0.75,WAIT,Bear Filter 🛡️
20251204,510050.SH,上证50ETF,3.116,0.26%,0.385,Bear,0.75,WAIT,Bear Filter 🛡️
20251204,510500.SH,中证500ETF,7.125,0.31%,0.345,Bear,0.75,WAIT,Bear Filter 🛡️
20251203,512690.SH,酒ETF,0.57,-1.21%,0.599,Bear,0.75,WAIT,Bear Filter 🛡️
20251203,512480.SH,半导体ETF,1.384,-0.86%,0.564,Bear,0.75,WAIT,Bear Filter 🛡️
20251203,515070.SH,人工智能ETF,1.835,-1.13%,0.555,Bear,0.75,WAIT,Bear Filter 🛡️
20251203,515030.SH,新能源车ETF,1.751,-1.90%,0.512,Bear,0.75,WAIT,Bear Filter 🛡️
20251203,159206.SZ,卫星ETF,1.209,-1.79%,0.500,Bear,0.75,WAIT,Bear Filter 🛡️
20251203,159939.SZ,信息技术ETF,0.845,-0.71%,0.496,Bear,0.75,WAIT,Bear Filter 🛡️
20251203,512400.SH,有色金属ETF,1.742,0.64%,0.486,Bear,0.75,WAIT,Bear Filter 🛡️
20251203,512660.SH,军工ETF,1.169,-1.02%,0.480,Bear,0.75,WAIT,Bear Filter 🛡️
20251203,159915.SZ,创业板ETF,3.019,-1.08%,0.470,Bear,0.75,WAIT,Bear Filter 🛡️
20251203,510300.SH,沪深300ETF,4.645,-0.45%,0.456,Bear,0.75,WAIT,Bear Filter 🛡️
20251203,159326.SZ,电网设备ETF,1.392,-0.14%,0.450,Bear,0.75,WAIT,Bear Filter 🛡️
20251203,588000.SH,科创50ETF,1.375,-0.87%,0.440,Bear,0.75,WAIT,Bear Filter 🛡️
20251203,513500.SH,标普500ETF,2.469,0.37%,0.431,Bear,0.75,WAIT,Bear Filter 🛡️
20251203,518880.SH,黄金ETF,9.096,-0.18%,0.404,Bear,0.75,WAIT,Bear Filter 🛡️
20251203,510050.SH,上证50ETF,3.108,-0.45%,0.385,Bear,0.75,WAIT,Bear Filter 🛡️
20251203,510500.SH,中证500ETF,7.103,-0.53%,0.345,Bear,0.75,WAIT,Bear Filter 🛡️
20251202,512690.SH,酒ETF,0.577,-1.03%,0.586,Bear,0.75,WAIT,Bear Filter 🛡️
20251202,512480.SH,半导体ETF,1.396,-1.41%,0.564,Bear,0.75,WAIT,Bear Filter 🛡️
20251202,515070.SH,人工智能ETF,1.856,-0.75%,0.555,Bear,0.75,WAIT,Bear Filter 🛡️
20251202,159206.SZ,卫星ETF,1.231,-0.08%,0.519,Bear,0.75,WAIT,Bear Filter 🛡️
20251202,515030.SH,新能源车ETF,1.785,-1.60%,0.512,Bear,0.75,WAIT,Bear Filter 🛡️
20251202,159939.SZ,信息技术ETF,0.851,-1.05%,0.496,Bear,0.75,WAIT,Bear Filter 🛡️
20251202,159915.SZ,创业板ETF,3.052,-0.68%,0.487,Bear,0.75,WAIT,Bear Filter 🛡️
20251202,512400.SH,有色金属ETF,1.731,-1.42%,0.487,Bear,0.75,WAIT,Bear Filter 🛡️
20251202,512660.SH,军工ETF,1.181,-0.25%,0.479,Bear,0.75,WAIT,Bear Filter 🛡️
20251202,159326.SZ,电网设备ETF,1.394,-1.20%,0.450,Bear,0.75,WAIT,Bear Filter 🛡️
20251202,513500.SH,标普500ETF,2.46,0.00%,0.442,Bear,0.75,WAIT,Bear Filter 🛡️
20251202,588000.SH,科创50ETF,1.387,-1.21%,0.440,Bear,0.75,WAIT,Bear Filter 🛡️
20251202,510300.SH,沪深300ETF,4.666,-0.45%,0.428,Bear,0.75,WAIT,Bear Filter 🛡️
20251202,518880.SH,黄金ETF,9.112,-0.53%,0.415,Bear,0.75,WAIT,Bear Filter 🛡️
20251202,510050.SH,上证50ETF,3.122,-0.48%,0.391,Bear,0.75,WAIT,Bear Filter 🛡️
20251202,510500.SH,中证500ETF,7.141,-0.85%,0.339,Bear,0.75,WAIT,Bear Filter 🛡️
20251201,512690.SH,酒ETF,0.583,0.00%,0.576,Bull,0.45,BUY,Weak Buy ⚠️
20251201,512480.SH,半导体ETF,1.416,1.80%,0.569,Bull,0.45,BUY,Weak Buy ⚠️
20251201,515070.SH,人工智能ETF,1.87,2.47%,0.547,Bull,0.45,BUY,Weak Buy ⚠️
20251201,159206.SZ,卫星ETF,1.232,2.84%,0.519,Bull,0.45,BUY,Weak Buy ⚠️
20251201,515030.SH,新能源车ETF,1.814,0.78%,0.512,Bull,0.45,BUY,Weak Buy ⚠️
20251201,159915.SZ,创业板ETF,3.073,1.25%,0.487,Bull,0.45,BUY,Weak Buy ⚠️
20251201,512400.SH,有色金属ETF,1.756,3.05%,0.487,Bull,0.45,BUY,Weak Buy ⚠️
20251201,512660.SH,军工ETF,1.184,1.02%,0.480,Bull,0.45,BUY,Weak Buy ⚠️
20251201,159939.SZ,信息技术ETF,0.86,1.65%,0.474,Bull,0.45,BUY,Weak Buy ⚠️
20251201,159326.SZ,电网设备ETF,1.411,0.93%,0.450,Bull,0.45,WAIT,Low Score ⚪
20251201,588000.SH,科创50ETF,1.404,0.79%,0.440,Bull,0.45,WAIT,Low Score ⚪
20251201,510300.SH,沪深300ETF,4.687,1.12%,0.438,Bull,0.45,WAIT,Low Score ⚪
20251201,513500.SH,标普500ETF,2.46,-0.12%,0.430,Bull,0.45,WAIT,Low Score ⚪
20251201,518880.SH,黄金ETF,9.161,1.04%,0.408,Bull,0.45,WAIT,Low Score ⚪
20251201,510050.SH,上证50ETF,3.137,0.77%,0.391,Bull,0.45,WAIT,Low Score ⚪
20251201,510500.SH,中证500ETF,7.202,0.94%,0.339,Bull,0.45,WAIT,Low Score ⚪
20251128,512690.SH,酒ETF,0.583,0.00%,0.576,Bear,0.75,WAIT,Bear Filter 🛡️
20251128,512480.SH,半导体ETF,1.391,1.16%,0.538,Bear,0.75,WAIT,Bear Filter 🛡️
20251128,515070.SH,人工智能ETF,1.825,0.39%,0.538,Bear,0.75,WAIT,Bear Filter 🛡️
20251128,515030.SH,新能源车ETF,1.8,1.64%,0.512,Bear,0.75,WAIT,Bear Filter 🛡️
20251128,159326.SZ,电网设备ETF,1.398,1.53%,0.506,Bear,0.75,WAIT,Bear Filter 🛡️
20251128,159206.SZ,卫星ETF,1.198,2.57%,0.496,Bear,0.75,WAIT,Bear Filter 🛡️
20251128,510500.SH,中证500ETF,7.135,1.21%,0.491,Bear,0.75,WAIT,Bear Filter 🛡️
20251128,512400.SH,有色金属ETF,1.704,1.67%,0.482,Bear,0.75,WAIT,Bear Filter 🛡️
20251128,159915.SZ,创业板ETF,3.035,0.76%,0.470,Bear,0.75,WAIT,Bear Filter 🛡️
20251128,159939.SZ,信息技术ETF,0.846,1.20%,0.459,Bear,0.75,WAIT,Bear Filter 🛡️
20251128,588000.SH,科创50ETF,1.393,1.02%,0.440,Bear,0.75,WAIT,Bear Filter 🛡️
20251128,512660.SH,军工ETF,1.172,1.21%,0.438,Bear,0.75,WAIT,Bear Filter 🛡️
20251128,513500.SH,标普500ETF,2.463,1.23%,0.434,Bear,0.75,WAIT,Bear Filter 🛡️
20251128,510300.SH,沪深300ETF,4.635,0.28%,0.419,Bear,0.75,WAIT,Bear Filter 🛡️
20251128,518880.SH,黄金ETF,9.067,0.63%,0.417,Bear,0.75,WAIT,Bear Filter 🛡️
20251128,510050.SH,上证50ETF,3.113,0.03%,0.401,Bear,0.75,WAIT,Bear Filter 🛡️
20251127,512690.SH,酒ETF,0.583,0.17%,0.585,Bear,0.75,WAIT,Bear Filter 🛡️
20251127,512480.SH,半导体ETF,1.375,0.44%,0.538,Bear,0.75,WAIT,Bear Filter 🛡️
20251127,159915.SZ,创业板ETF,3.012,-0.50%,0.526,Bear,0.75,WAIT,Bear Filter 🛡️
20251127,515030.SH,新能源车ETF,1.771,0.06%,0.522,Bear,0.75,WAIT,Bear Filter 🛡️
20251127,515070.SH,人工智能ETF,1.818,-0.60%,0.512,Bear,0.75,WAIT,Bear Filter 🛡️
20251127,159326.SZ,电网设备ETF,1.377,-0.22%,0.512,Bear,0.75,WAIT,Bear Filter 🛡️
20251127,510500.SH,中证500ETF,7.05,-0.21%,0.504,Bear,0.75,WAIT,Bear Filter 🛡️
20251127,512400.SH,有色金属ETF,1.676,0.12%,0.482,Bear,0.75,WAIT,Bear Filter 🛡️
20251127,159939.SZ,信息技术ETF,0.836,-0.48%,0.459,Bear,0.75,WAIT,Bear Filter 🛡️
20251127,510300.SH,沪深300ETF,4.622,-0.09%,0.452,Bear,0.75,WAIT,Bear Filter 🛡️
20251127,159206.SZ,卫星ETF,1.168,0.69%,0.450,Bear,0.75,WAIT,Bear Filter 🛡️
20251127,588000.SH,科创50ETF,1.379,-0.22%,0.440,Bear,0.75,WAIT,Bear Filter 🛡️
20251127,513500.SH,标普500ETF,2.433,-0.57%,0.436,Bear,0.75,WAIT,Bear Filter 🛡️
20251127,512660.SH,军工ETF,1.158,-0.17%,0.434,Bear,0.75,WAIT,Bear Filter 🛡️
20251127,510050.SH,上证50ETF,3.112,-0.06%,0.425,Bear,0.75,WAIT,Bear Filter 🛡️
20251127,518880.SH,黄金ETF,9.01,-0.01%,0.417,Bear,0.75,WAIT,Bear Filter 🛡️
